<?xml version="1.0" encoding="UTF-8" ?>
<!DOCTYPE mapper PUBLIC "-//mybatis.org//DTD Mapper 3.0//EN"
  "http://mybatis.org/dtd/mybatis-3-mapper.dtd">

<mapper namespace="com.thecar.admin.reply.dao.ReplyDao">

	<!-- 댓글 전체 조회(해당 게시물번호에 대해) -->
	<select id="replyList" parameterType="reply" resultType="reply">
		select
		rp_num, q_num, rp_title,rp_name, rp_content, rp_pwd,
		to_char(rp_date,'YYYY-MM-DD') as rp_date
		from reply_tbl
		where q_num =
		#{q_num}
		order by
		rp_num desc
	</select>

	<!-- 댓글 등록 -->
	<insert id="replyInsert" parameterType="reply">
		<selectKey keyProperty="rp_num" resultType="int"
			order="BEFORE">
			select reply_seq.nextval from dual
		</selectKey>
		insert into reply_tbl(
		rp_num, q_num, rp_title, rp_name, rp_content,
		rp_pwd,rp_date
		)values(
		#{rp_num}, #{q_num}, #{rp_title}, #{rp_name},
		#{rp_content}, #{rp_pwd},sysdate
		)
	</insert>

	<select id="pwdConfirm" parameterType="reply" resultType="int">
		SELECT
		NVL((
		SELECT 1 FROM reply_tbl
		WHERE
		rp_num
		= #{rp_num} AND rp_pwd =
		#{rp_pwd}
		), 0) as state
		FROM dual
	</select>

	<!-- 댓글 수정 -->
	<update id="replyUpdate" parameterType="reply">
		update reply_tbl
		set
		rp_content = #{rp_content},
		rp_date = sysdate
		where
		rp_num = #{rp_num}
	</update>

	<!-- 댓글 삭제 -->
	<delete id="replyDelete" parameterType="reply">
		delete from reply_tbl
		where rp_num = #{rp_num}
	</delete>

	<!-- 댓글 삭제 (게시글 번호로 댓글 전체 삭제) -->
	<delete id="replyChoiceDelete" parameterType="reply">
		delete from
		reply_tbl where q_num =
		#{q_num}
	</delete>
</mapper>

