<?xml version="1.0" encoding="UTF-8" ?>
<!DOCTYPE mapper PUBLIC "-//mybatis.org//DTD Mapper 3.0//EN"
  "http://mybatis.org/dtd/mybatis-3-mapper.dtd">

<mapper namespace="com.thecar.admin.notice.dao.NoticeDao">

	<!-- 게시물 기본 조회 -->
	<!-- <select id="noticeList" resultType="notice"> SELECT n_num, n_writer, 
		n_title, to_char(n_date,'YYYY-MM-DD') as n_date FROM notice_tbl ORDER BY 
		n_num desc </select> -->

	<!-- 게시물 검색 쿼리 분리 -->
	<sql id="noticeCommon">
		SELECT n_num, n_writer, n_title, n_date
		FROM notice_tbl
		<where>
			<if test="search=='n_title'">
				<![CDATA[ n_title LIKE '%'|| #{keyword} ||'%' ]]>
			</if>
			<if test="search=='n_content'">
				<![CDATA[ n_content LIKE '%'|| #{keyword} ||'%' ]]>
			</if>
			<if test="search=='n_writer'">
				<![CDATA[ n_writer LIKE '%'|| #{keyword} ||'%' ]]>
			</if>
			<if test="search=='n_date'">
				<![CDATA[ to_char(n_date,'YYYY-MM-DD') between 
						#{start_date} and #{end_date}  ]]>
			</if>

		</where>
	</sql>

	<!-- 게시물 전체 조회 -->
	<select id="noticeList" parameterType="notice"
		resultType="notice">
		/* notice - noticeList */
		SELECT n_num, n_writer, n_title,
		TO_CHAR(n_date,'YYYY-MM-DD HH24:MI:SS') AS n_date FROM (SELECT list.*,
		ROWNUM AS RNUM FROM(
		<include refid="noticeCommon"></include>
		<choose>
			<when test="order_by=='n_num'"> ORDER BY n_num </when>
			<when test="order_by=='n_date'"> ORDER BY n_date </when>
		</choose>
		<choose>
			<when test="order_sc=='ASC'"> ASC </when>
			<when test="order_sc=='DESC'"> DESC </when>
		</choose>
		) list)
		<where>
			<if test="start_row != null and start_row != ''">
				<if test="end_row != null and end_row != ''">
					RNUM BETWEEN #{start_row} AND #{end_row}
				</if>
			</if>
		</where>
	</select>

	<!-- 게시물 카운트 페이징 -->
	<select id="noticeListCnt" parameterType="notice"
		resultType="int">
		/* notice - noticeListCnt */
		SELECT NVL(count(1), 0) FROM
		( SELECT
		list.*, ROWNUM AS RNUM
		FROM (
		<include refid="noticeCommon"></include>
		ORDER BY n_num desc
		) list
		)
	</select>

	<!-- 상세 페이지를 위한 공지사항 조회 -->
	<select id="noticeDetail" parameterType="int"
		resultType="notice">
		SELECT
		n_num, n_title, n_content, n_writer,
		TO_CHAR(n_date,'YYYY-MM-DD HH24:MI:SS')
		AS n_date
		FROM notice_tbl
		WHERE
		n_num = #{n_num}
	</select>


	<!-- 공지사항 등록 -->
	<insert id="noticeInsert" parameterType="notice">
		<selectKey keyProperty="n_num" resultType="int"
			order="BEFORE">
			select notice_seq.nextval from dual
		</selectKey>
		INSERT INTO
		notice_tbl(
		n_num,
		n_title,
		n_content
		)
		VALUES(
		#{n_num},
		#{n_title},
		#{n_content}
		)
	</insert>

	<!-- 공지사항 수정 -->
	<update id="noticeUpdateOk" parameterType="notice">
		UPDATE notice_tbl
		SET
		n_title=#{n_title}
		, n_content = #{n_content}
		, n_date = sysdate
		WHERE
		n_num = #{n_num}
	</update>

	<!-- 공지사항 삭제 -->
	<delete id="noticeDelete" parameterType="notice">
		DELETE FROM
		notice_tbl
		WHERE
		n_num = #{n_num}
	</delete>

</mapper>
