<?xml version="1.0" encoding="UTF-8"?>
<!DOCTYPE tiles-definitions PUBLIC "-//Apache Software Foundation//DTD Tiles Configuration 2.0//EN" "http://tiles.apache.org/dtds/tiles-config_2_0.dtd">

<tiles-definitions>

	<definition name="intro"
		template="/WEB-INF/views/template/includes/mainLayout.jsp">
		<put-attribute name="title" value="thecar렌터카" />
		<put-attribute name="header" value="/WEB-INF/views/template/client/header.jsp" />
		<put-attribute name="body" value="/WEB-INF/views/template/client/body.jsp" />
		<put-attribute name="footer" value="/WEB-INF/views/template/client/footer.jsp" />
	</definition>
	
	<definition name="content"
		template="/WEB-INF/views/template/client/contentLayout.jsp">
		<put-attribute name="title" value="000 사이트" />
		<put-attribute name="header" value="/WEB-INF/views/template/client/header.jsp" />
		<put-attribute name="body" value="" />
		<put-attribute name="footer" value="/WEB-INF/views/template/client/footer.jsp" />
	</definition>
	
	<!-- footer 5개 -->
	<definition name="template/info/*" template="/WEB-INF/views/template/client/contentLayout.jsp">
		<put-attribute name="title" value="Info" />
		<put-attribute name="header" value="/WEB-INF/views/template/client/header.jsp" />
		<put-attribute name="body" value="/WEB-INF/views/template/info/{1}.jsp" />
		<put-attribute name="footer" value="/WEB-INF/views/template/client/footer.jsp" />
	</definition>
	
	<definition name="template/infoPage/*" template="/WEB-INF/views/template/client/contentLayout.jsp">
		<put-attribute name="title" value="InfoPage" />
		<put-attribute name="header" value="/WEB-INF/views/template/client/header.jsp" />
		<put-attribute name="body" value="/WEB-INF/views/template/infoPage/{1}.jsp" />
		<put-attribute name="footer" value="/WEB-INF/views/template/client/footer.jsp" />
	</definition>

	<definition name="template/rentalInfo/*" template="/WEB-INF/views/template/client/contentLayout.jsp">
		<put-attribute name="title" value="rentalInfo" />
		<put-attribute name="header" value="/WEB-INF/views/template/client/header.jsp" />
		<put-attribute name="body" value="/WEB-INF/views/template/rentalInfo/{1}.jsp" />
		<put-attribute name="footer" value="/WEB-INF/views/template/client/footer.jsp" />
	</definition>

	<definition name="template/rentalInfoPage/*" template="/WEB-INF/views/template/client/contentLayout.jsp">
		<put-attribute name="title" value="rentalInfoPage" />
		<put-attribute name="header" value="/WEB-INF/views/template/client/header.jsp" />
		<put-attribute name="body" value="/WEB-INF/views/template/rentalInfoPage/{1}.jsp" />
		<put-attribute name="footer" value="/WEB-INF/views/template/client/footer.jsp" />
	</definition>

	<!-- 문의사항 게시판 -->
	<definition name="question/*" extends="content">
		<put-attribute name="title" value="1:1문의" />
		<put-attribute name="body"
			value="/WEB-INF/views/question/{1}.jsp" />
	</definition>

	<!-- 공지사항 -->
	<definition name="notice/*" extends="content">
		<put-attribute name="title" value="공지사항" />
		<put-attribute name="body"
			value="/WEB-INF/views/notice/{1}.jsp" />
	</definition>

	<!-- 로그인,회원가입,회원정보수정,회원탈퇴(?) -->
	<definition name="member/*" extends="content">
		<put-attribute name="title" value="로그인 및 회원가입" />
		<put-attribute name="body"
			value="/WEB-INF/views/member/{1}.jsp" />
	</definition>

	<!-- 상품 조회 -->
	<definition name="product/*" extends="content">
		<put-attribute name="title" value="상품조회" />
		<put-attribute name="header"
			value="/WEB-INF/views/template/client/header.jsp" />
		<put-attribute name="body"
			value="/WEB-INF/views/product/{1}.jsp" />
		<put-attribute name="footer"
			value="/WEB-INF/views/template/client/footer.jsp" />
	</definition>

	<!-- 내 예약목록 -->
	<definition name="reservation/myReservationList" extends="content">
		<put-attribute name="title" value="내 예약목록" />
		<put-attribute name="header"
			value="/WEB-INF/views/template/client/header.jsp" />
		<put-attribute name="body"
			value="/WEB-INF/views/reservation/myReservationList.jsp" />
		<put-attribute name="footer"
			value="/WEB-INF/views/template/client/footer.jsp" />
	</definition>

	<!-- 상품 예약 -->
	<definition name="reservation/*" extends="content">
		<put-attribute name="title" value="상품예약" />
		<put-attribute name="header"
			value="/WEB-INF/views/template/client/header.jsp" />
		<put-attribute name="body"
			value="/WEB-INF/views/reservation/{1}.jsp" />
		<put-attribute name="footer"
			value="/WEB-INF/views/template/client/footer.jsp" />
	</definition>


</tiles-definitions>
